-- CARGA DE DOMINIO DA TABELA TIPO_DOCUMENTO
INSERT INTO SAAD.TIPO_DOCUMENTO (SQ_TIPO_DOCUMENTO, NM_TIPO_DOCUMENTO, SG_TIPO_DOCUMENTO, ST_RELATIVO_PROCESSO)
VALUES(1,'Carta', 'CAR','N');
INSERT INTO SAAD.TIPO_DOCUMENTO (SQ_TIPO_DOCUMENTO, NM_TIPO_DOCUMENTO, SG_TIPO_DOCUMENTO, ST_RELATIVO_PROCESSO)
VALUES(2,'Convite', 'CVT','N');
INSERT INTO SAAD.TIPO_DOCUMENTO (SQ_TIPO_DOCUMENTO, NM_TIPO_DOCUMENTO, SG_TIPO_DOCUMENTO, ST_RELATIVO_PROCESSO)
VALUES(3,'Correio Eletrônico (email)', 'CET','N');
INSERT INTO SAAD.TIPO_DOCUMENTO (SQ_TIPO_DOCUMENTO, NM_TIPO_DOCUMENTO, SG_TIPO_DOCUMENTO, ST_RELATIVO_PROCESSO)
VALUES(4,'Memorando', 'MEM','N');
INSERT INTO SAAD.TIPO_DOCUMENTO (SQ_TIPO_DOCUMENTO, NM_TIPO_DOCUMENTO, SG_TIPO_DOCUMENTO, ST_RELATIVO_PROCESSO)
VALUES(5,'Ofício', 'OFC','N');
INSERT INTO SAAD.TIPO_DOCUMENTO (SQ_TIPO_DOCUMENTO, NM_TIPO_DOCUMENTO, SG_TIPO_DOCUMENTO, ST_RELATIVO_PROCESSO)
VALUES(6,'Ato', 'ATO','N');
INSERT INTO SAAD.TIPO_DOCUMENTO (SQ_TIPO_DOCUMENTO, NM_TIPO_DOCUMENTO, SG_TIPO_DOCUMENTO, ST_RELATIVO_PROCESSO)
VALUES(7,'Despacho', 'DES','N');
INSERT INTO SAAD.TIPO_DOCUMENTO (SQ_TIPO_DOCUMENTO, NM_TIPO_DOCUMENTO, SG_TIPO_DOCUMENTO, ST_RELATIVO_PROCESSO)
VALUES(8,'Documento S/N', 'DOC','N');
INSERT INTO SAAD.TIPO_DOCUMENTO (SQ_TIPO_DOCUMENTO, NM_TIPO_DOCUMENTO, SG_TIPO_DOCUMENTO, ST_RELATIVO_PROCESSO)
VALUES(9,'Fax', 'FAX','N');
INSERT INTO SAAD.TIPO_DOCUMENTO (SQ_TIPO_DOCUMENTO, NM_TIPO_DOCUMENTO, SG_TIPO_DOCUMENTO, ST_RELATIVO_PROCESSO)
VALUES(10,'Livro', 'LIV','N');
INSERT INTO SAAD.TIPO_DOCUMENTO (SQ_TIPO_DOCUMENTO, NM_TIPO_DOCUMENTO, SG_TIPO_DOCUMENTO, ST_RELATIVO_PROCESSO)
VALUES(11,'Petição', 'PET','N');
INSERT INTO SAAD.TIPO_DOCUMENTO (SQ_TIPO_DOCUMENTO, NM_TIPO_DOCUMENTO, SG_TIPO_DOCUMENTO, ST_RELATIVO_PROCESSO)
VALUES(12,'Portaria', 'PTA','N');
INSERT INTO SAAD.TIPO_DOCUMENTO (SQ_TIPO_DOCUMENTO, NM_TIPO_DOCUMENTO, SG_TIPO_DOCUMENTO, ST_RELATIVO_PROCESSO)
VALUES(13,'Requerimento', 'REQ','N');
INSERT INTO SAAD.TIPO_DOCUMENTO (SQ_TIPO_DOCUMENTO, NM_TIPO_DOCUMENTO, SG_TIPO_DOCUMENTO, ST_RELATIVO_PROCESSO)
VALUES(14,'Telegrama', 'TLG','N');
COMMIT; 


-- CARGA NO TIPO_DOCUMENTO_UNIDADE
INSERT INTO SAAD.TIPO_DOCUMENTO_UNIDADE(SQ_TIPO_DOCUMENTO, SEQ_LOCAL, NM_CAMINHO_PASTA_FISICA, ST_GESTAO_MINISTRO)
VALUES(1, 4, 'SAAD/CARTA','N');
INSERT INTO SAAD.TIPO_DOCUMENTO_UNIDADE(SQ_TIPO_DOCUMENTO, SEQ_LOCAL, NM_CAMINHO_PASTA_FISICA, ST_GESTAO_MINISTRO)
VALUES(2, 4, 'SAAD/CONVITE','N');
INSERT INTO SAAD.TIPO_DOCUMENTO_UNIDADE(SQ_TIPO_DOCUMENTO, SEQ_LOCAL, NM_CAMINHO_PASTA_FISICA, ST_GESTAO_MINISTRO)
VALUES(3, 4, 'SAAD/EMAIL','N');
INSERT INTO SAAD.TIPO_DOCUMENTO_UNIDADE(SQ_TIPO_DOCUMENTO, SEQ_LOCAL, NM_CAMINHO_PASTA_FISICA, ST_GESTAO_MINISTRO)
VALUES(4, 4, 'SAAD/MEMORANDO','N');
INSERT INTO SAAD.TIPO_DOCUMENTO_UNIDADE(SQ_TIPO_DOCUMENTO, SEQ_LOCAL, NM_CAMINHO_PASTA_FISICA, ST_GESTAO_MINISTRO)
VALUES(5, 4, 'SAAD/OFICIO','N');
INSERT INTO SAAD.TIPO_DOCUMENTO_UNIDADE(SQ_TIPO_DOCUMENTO, SEQ_LOCAL, NM_CAMINHO_PASTA_FISICA, ST_GESTAO_MINISTRO)
VALUES(6, 4, 'SAAD/ATO','N');
INSERT INTO SAAD.TIPO_DOCUMENTO_UNIDADE(SQ_TIPO_DOCUMENTO, SEQ_LOCAL, NM_CAMINHO_PASTA_FISICA, ST_GESTAO_MINISTRO)
VALUES(7, 4, 'SAAD/DESPACHO','N');
INSERT INTO SAAD.TIPO_DOCUMENTO_UNIDADE(SQ_TIPO_DOCUMENTO, SEQ_LOCAL, NM_CAMINHO_PASTA_FISICA, ST_GESTAO_MINISTRO)
VALUES(8, 4, 'SAAD/DOCUMENTO','N');
INSERT INTO SAAD.TIPO_DOCUMENTO_UNIDADE(SQ_TIPO_DOCUMENTO, SEQ_LOCAL, NM_CAMINHO_PASTA_FISICA, ST_GESTAO_MINISTRO)
VALUES(9, 4, 'SAAD/FAX','N');
INSERT INTO SAAD.TIPO_DOCUMENTO_UNIDADE(SQ_TIPO_DOCUMENTO, SEQ_LOCAL, NM_CAMINHO_PASTA_FISICA, ST_GESTAO_MINISTRO)
VALUES(10, 4, 'SAAD/LIVRO','N');
INSERT INTO SAAD.TIPO_DOCUMENTO_UNIDADE(SQ_TIPO_DOCUMENTO, SEQ_LOCAL, NM_CAMINHO_PASTA_FISICA, ST_GESTAO_MINISTRO)
VALUES(11, 4, 'SAAD/PETICAO','N');
INSERT INTO SAAD.TIPO_DOCUMENTO_UNIDADE(SQ_TIPO_DOCUMENTO, SEQ_LOCAL, NM_CAMINHO_PASTA_FISICA, ST_GESTAO_MINISTRO)
VALUES(12, 4, 'SAAD/PORTARIA','N');
INSERT INTO SAAD.TIPO_DOCUMENTO_UNIDADE(SQ_TIPO_DOCUMENTO, SEQ_LOCAL, NM_CAMINHO_PASTA_FISICA, ST_GESTAO_MINISTRO)
VALUES(13, 4, 'SAAD/REQUERIMENTO','N');
INSERT INTO SAAD.TIPO_DOCUMENTO_UNIDADE(SQ_TIPO_DOCUMENTO, SEQ_LOCAL, NM_CAMINHO_PASTA_FISICA, ST_GESTAO_MINISTRO)
VALUES(14, 4, 'SAAD/TELEGRAMA','N');

INSERT INTO SAAD.TIPO_DOCUMENTO_UNIDADE(SQ_TIPO_DOCUMENTO, SEQ_LOCAL, NM_CAMINHO_PASTA_FISICA, ST_GESTAO_MINISTRO)
VALUES(1, 22883, 'SAAD/CARTA','N');
INSERT INTO SAAD.TIPO_DOCUMENTO_UNIDADE(SQ_TIPO_DOCUMENTO, SEQ_LOCAL, NM_CAMINHO_PASTA_FISICA, ST_GESTAO_MINISTRO)
VALUES(2, 22883, 'SAAD/CONVITE','N');
INSERT INTO SAAD.TIPO_DOCUMENTO_UNIDADE(SQ_TIPO_DOCUMENTO, SEQ_LOCAL, NM_CAMINHO_PASTA_FISICA, ST_GESTAO_MINISTRO)
VALUES(3, 22883, 'SAAD/EMAIL','N');
INSERT INTO SAAD.TIPO_DOCUMENTO_UNIDADE(SQ_TIPO_DOCUMENTO, SEQ_LOCAL, NM_CAMINHO_PASTA_FISICA, ST_GESTAO_MINISTRO)
VALUES(4, 22883, 'SAAD/MEMORANDO','N');
INSERT INTO SAAD.TIPO_DOCUMENTO_UNIDADE(SQ_TIPO_DOCUMENTO, SEQ_LOCAL, NM_CAMINHO_PASTA_FISICA, ST_GESTAO_MINISTRO)
VALUES(5, 22883, 'SAAD/OFICIO','N');
INSERT INTO SAAD.TIPO_DOCUMENTO_UNIDADE(SQ_TIPO_DOCUMENTO, SEQ_LOCAL, NM_CAMINHO_PASTA_FISICA, ST_GESTAO_MINISTRO)
VALUES(6, 22883, 'SAAD/ATO','N');
INSERT INTO SAAD.TIPO_DOCUMENTO_UNIDADE(SQ_TIPO_DOCUMENTO, SEQ_LOCAL, NM_CAMINHO_PASTA_FISICA, ST_GESTAO_MINISTRO)
VALUES(7, 22883, 'SAAD/DESPACHO','N');
INSERT INTO SAAD.TIPO_DOCUMENTO_UNIDADE(SQ_TIPO_DOCUMENTO, SEQ_LOCAL, NM_CAMINHO_PASTA_FISICA, ST_GESTAO_MINISTRO)
VALUES(8, 22883, 'SAAD/DOCUMENTO','N');
INSERT INTO SAAD.TIPO_DOCUMENTO_UNIDADE(SQ_TIPO_DOCUMENTO, SEQ_LOCAL, NM_CAMINHO_PASTA_FISICA, ST_GESTAO_MINISTRO)
VALUES(9, 22883, 'SAAD/FAX','N');
INSERT INTO SAAD.TIPO_DOCUMENTO_UNIDADE(SQ_TIPO_DOCUMENTO, SEQ_LOCAL, NM_CAMINHO_PASTA_FISICA, ST_GESTAO_MINISTRO)
VALUES(10, 22883, 'SAAD/LIVRO','N');
INSERT INTO SAAD.TIPO_DOCUMENTO_UNIDADE(SQ_TIPO_DOCUMENTO, SEQ_LOCAL, NM_CAMINHO_PASTA_FISICA, ST_GESTAO_MINISTRO)
VALUES(11, 22883, 'SAAD/PETICAO','N');
INSERT INTO SAAD.TIPO_DOCUMENTO_UNIDADE(SQ_TIPO_DOCUMENTO, SEQ_LOCAL, NM_CAMINHO_PASTA_FISICA, ST_GESTAO_MINISTRO)
VALUES(12, 22883, 'SAAD/PORTARIA','N');
INSERT INTO SAAD.TIPO_DOCUMENTO_UNIDADE(SQ_TIPO_DOCUMENTO, SEQ_LOCAL, NM_CAMINHO_PASTA_FISICA, ST_GESTAO_MINISTRO)
VALUES(13, 22883, 'SAAD/REQUERIMENTO','N');
INSERT INTO SAAD.TIPO_DOCUMENTO_UNIDADE(SQ_TIPO_DOCUMENTO, SEQ_LOCAL, NM_CAMINHO_PASTA_FISICA, ST_GESTAO_MINISTRO)
VALUES(14, 22883, 'SAAD/TELEGRAMA','N');

INSERT INTO SAAD.TIPO_DOCUMENTO_UNIDADE(SQ_TIPO_DOCUMENTO, SEQ_LOCAL, NM_CAMINHO_PASTA_FISICA, ST_GESTAO_MINISTRO)
VALUES(1, 1120, 'SAAD/CARTA','N');
INSERT INTO SAAD.TIPO_DOCUMENTO_UNIDADE(SQ_TIPO_DOCUMENTO, SEQ_LOCAL, NM_CAMINHO_PASTA_FISICA, ST_GESTAO_MINISTRO)
VALUES(2, 1120, 'SAAD/CONVITE','N');
INSERT INTO SAAD.TIPO_DOCUMENTO_UNIDADE(SQ_TIPO_DOCUMENTO, SEQ_LOCAL, NM_CAMINHO_PASTA_FISICA, ST_GESTAO_MINISTRO)
VALUES(3, 1120, 'SAAD/EMAIL','N');
INSERT INTO SAAD.TIPO_DOCUMENTO_UNIDADE(SQ_TIPO_DOCUMENTO, SEQ_LOCAL, NM_CAMINHO_PASTA_FISICA, ST_GESTAO_MINISTRO)
VALUES(4, 1120, 'SAAD/MEMORANDO','N');
INSERT INTO SAAD.TIPO_DOCUMENTO_UNIDADE(SQ_TIPO_DOCUMENTO, SEQ_LOCAL, NM_CAMINHO_PASTA_FISICA, ST_GESTAO_MINISTRO)
VALUES(5, 1120, 'SAAD/OFICIO','N');
INSERT INTO SAAD.TIPO_DOCUMENTO_UNIDADE(SQ_TIPO_DOCUMENTO, SEQ_LOCAL, NM_CAMINHO_PASTA_FISICA, ST_GESTAO_MINISTRO)
VALUES(6, 1120, 'SAAD/ATO','N');
INSERT INTO SAAD.TIPO_DOCUMENTO_UNIDADE(SQ_TIPO_DOCUMENTO, SEQ_LOCAL, NM_CAMINHO_PASTA_FISICA, ST_GESTAO_MINISTRO)
VALUES(7, 1120, 'SAAD/DESPACHO','N');
INSERT INTO SAAD.TIPO_DOCUMENTO_UNIDADE(SQ_TIPO_DOCUMENTO, SEQ_LOCAL, NM_CAMINHO_PASTA_FISICA, ST_GESTAO_MINISTRO)
VALUES(8, 1120, 'SAAD/DOCUMENTO','N');
INSERT INTO SAAD.TIPO_DOCUMENTO_UNIDADE(SQ_TIPO_DOCUMENTO, SEQ_LOCAL, NM_CAMINHO_PASTA_FISICA, ST_GESTAO_MINISTRO)
VALUES(9, 1120, 'SAAD/FAX','N');
INSERT INTO SAAD.TIPO_DOCUMENTO_UNIDADE(SQ_TIPO_DOCUMENTO, SEQ_LOCAL, NM_CAMINHO_PASTA_FISICA, ST_GESTAO_MINISTRO)
VALUES(10, 1120, 'SAAD/LIVRO','N');
INSERT INTO SAAD.TIPO_DOCUMENTO_UNIDADE(SQ_TIPO_DOCUMENTO, SEQ_LOCAL, NM_CAMINHO_PASTA_FISICA, ST_GESTAO_MINISTRO)
VALUES(11, 1120, 'SAAD/PETICAO','N');
INSERT INTO SAAD.TIPO_DOCUMENTO_UNIDADE(SQ_TIPO_DOCUMENTO, SEQ_LOCAL, NM_CAMINHO_PASTA_FISICA, ST_GESTAO_MINISTRO)
VALUES(12, 1120, 'SAAD/PORTARIA','N');
INSERT INTO SAAD.TIPO_DOCUMENTO_UNIDADE(SQ_TIPO_DOCUMENTO, SEQ_LOCAL, NM_CAMINHO_PASTA_FISICA, ST_GESTAO_MINISTRO)
VALUES(13, 1120, 'SAAD/REQUERIMENTO','N');
INSERT INTO SAAD.TIPO_DOCUMENTO_UNIDADE(SQ_TIPO_DOCUMENTO, SEQ_LOCAL, NM_CAMINHO_PASTA_FISICA, ST_GESTAO_MINISTRO)
VALUES(14, 1120, 'SAAD/TELEGRAMA','N');
COMMIT;


-- CARGA NA TABELA CONTROLE_NUMERACAO
INSERT INTO SAAD.CONTROLE_NUMERACAO (SQ_TIPO_DOCUMENTO, SEQ_LOCAL, NR_ANO, VR_ULTIMO_NUMERO)VALUES(1,4 ,2014,0);
INSERT INTO SAAD.CONTROLE_NUMERACAO (SQ_TIPO_DOCUMENTO, SEQ_LOCAL, NR_ANO, VR_ULTIMO_NUMERO)VALUES(1,22883 ,2014,0);
INSERT INTO SAAD.CONTROLE_NUMERACAO (SQ_TIPO_DOCUMENTO, SEQ_LOCAL, NR_ANO, VR_ULTIMO_NUMERO)VALUES(1,1120 ,2014,0);

INSERT INTO SAAD.CONTROLE_NUMERACAO (SQ_TIPO_DOCUMENTO, SEQ_LOCAL, NR_ANO, VR_ULTIMO_NUMERO)VALUES(2,4 ,2014,0);
INSERT INTO SAAD.CONTROLE_NUMERACAO (SQ_TIPO_DOCUMENTO, SEQ_LOCAL, NR_ANO, VR_ULTIMO_NUMERO)VALUES(2,22883 ,2014,0);
INSERT INTO SAAD.CONTROLE_NUMERACAO (SQ_TIPO_DOCUMENTO, SEQ_LOCAL, NR_ANO, VR_ULTIMO_NUMERO)VALUES(2,1120 ,2014,0);

INSERT INTO SAAD.CONTROLE_NUMERACAO (SQ_TIPO_DOCUMENTO, SEQ_LOCAL, NR_ANO, VR_ULTIMO_NUMERO)VALUES(3,4 ,2014,0);
INSERT INTO SAAD.CONTROLE_NUMERACAO (SQ_TIPO_DOCUMENTO, SEQ_LOCAL, NR_ANO, VR_ULTIMO_NUMERO)VALUES(3,22883 ,2014,0);
INSERT INTO SAAD.CONTROLE_NUMERACAO (SQ_TIPO_DOCUMENTO, SEQ_LOCAL, NR_ANO, VR_ULTIMO_NUMERO)VALUES(3,1120 ,2014,0);

INSERT INTO SAAD.CONTROLE_NUMERACAO (SQ_TIPO_DOCUMENTO, SEQ_LOCAL, NR_ANO, VR_ULTIMO_NUMERO)VALUES(4,4 ,2014,0);
INSERT INTO SAAD.CONTROLE_NUMERACAO (SQ_TIPO_DOCUMENTO, SEQ_LOCAL, NR_ANO, VR_ULTIMO_NUMERO)VALUES(4,22883 ,2014,0);
INSERT INTO SAAD.CONTROLE_NUMERACAO (SQ_TIPO_DOCUMENTO, SEQ_LOCAL, NR_ANO, VR_ULTIMO_NUMERO)VALUES(4,1120 ,2014,0);

INSERT INTO SAAD.CONTROLE_NUMERACAO (SQ_TIPO_DOCUMENTO, SEQ_LOCAL, NR_ANO, VR_ULTIMO_NUMERO)VALUES(5,4 ,2014,0);
INSERT INTO SAAD.CONTROLE_NUMERACAO (SQ_TIPO_DOCUMENTO, SEQ_LOCAL, NR_ANO, VR_ULTIMO_NUMERO)VALUES(5,22883 ,2014,0);
INSERT INTO SAAD.CONTROLE_NUMERACAO (SQ_TIPO_DOCUMENTO, SEQ_LOCAL, NR_ANO, VR_ULTIMO_NUMERO)VALUES(5,1120 ,2014,0);

INSERT INTO SAAD.CONTROLE_NUMERACAO (SQ_TIPO_DOCUMENTO, SEQ_LOCAL, NR_ANO, VR_ULTIMO_NUMERO)VALUES(6,4 ,2014,0);
INSERT INTO SAAD.CONTROLE_NUMERACAO (SQ_TIPO_DOCUMENTO, SEQ_LOCAL, NR_ANO, VR_ULTIMO_NUMERO)VALUES(6,22883 ,2014,0);
INSERT INTO SAAD.CONTROLE_NUMERACAO (SQ_TIPO_DOCUMENTO, SEQ_LOCAL, NR_ANO, VR_ULTIMO_NUMERO)VALUES(6,1120 ,2014,0);

INSERT INTO SAAD.CONTROLE_NUMERACAO (SQ_TIPO_DOCUMENTO, SEQ_LOCAL, NR_ANO, VR_ULTIMO_NUMERO)VALUES(7,4 ,2014,0);
INSERT INTO SAAD.CONTROLE_NUMERACAO (SQ_TIPO_DOCUMENTO, SEQ_LOCAL, NR_ANO, VR_ULTIMO_NUMERO)VALUES(7,22883 ,2014,0);
INSERT INTO SAAD.CONTROLE_NUMERACAO (SQ_TIPO_DOCUMENTO, SEQ_LOCAL, NR_ANO, VR_ULTIMO_NUMERO)VALUES(7,1120 ,2014,0);

INSERT INTO SAAD.CONTROLE_NUMERACAO (SQ_TIPO_DOCUMENTO, SEQ_LOCAL, NR_ANO, VR_ULTIMO_NUMERO)VALUES(8,4 ,2014,0);
INSERT INTO SAAD.CONTROLE_NUMERACAO (SQ_TIPO_DOCUMENTO, SEQ_LOCAL, NR_ANO, VR_ULTIMO_NUMERO)VALUES(8,22883 ,2014,0);
INSERT INTO SAAD.CONTROLE_NUMERACAO (SQ_TIPO_DOCUMENTO, SEQ_LOCAL, NR_ANO, VR_ULTIMO_NUMERO)VALUES(8,1120 ,2014,0);

INSERT INTO SAAD.CONTROLE_NUMERACAO (SQ_TIPO_DOCUMENTO, SEQ_LOCAL, NR_ANO, VR_ULTIMO_NUMERO)VALUES(9,4 ,2014,0);
INSERT INTO SAAD.CONTROLE_NUMERACAO (SQ_TIPO_DOCUMENTO, SEQ_LOCAL, NR_ANO, VR_ULTIMO_NUMERO)VALUES(9,22883 ,2014,0);
INSERT INTO SAAD.CONTROLE_NUMERACAO (SQ_TIPO_DOCUMENTO, SEQ_LOCAL, NR_ANO, VR_ULTIMO_NUMERO)VALUES(9,1120 ,2014,0);

INSERT INTO SAAD.CONTROLE_NUMERACAO (SQ_TIPO_DOCUMENTO, SEQ_LOCAL, NR_ANO, VR_ULTIMO_NUMERO)VALUES(10,4 ,2014,0);
INSERT INTO SAAD.CONTROLE_NUMERACAO (SQ_TIPO_DOCUMENTO, SEQ_LOCAL, NR_ANO, VR_ULTIMO_NUMERO)VALUES(10,22883 ,2014,0);
INSERT INTO SAAD.CONTROLE_NUMERACAO (SQ_TIPO_DOCUMENTO, SEQ_LOCAL, NR_ANO, VR_ULTIMO_NUMERO)VALUES(10,1120 ,2014,0);

INSERT INTO SAAD.CONTROLE_NUMERACAO (SQ_TIPO_DOCUMENTO, SEQ_LOCAL, NR_ANO, VR_ULTIMO_NUMERO)VALUES(11,4 ,2014,0);
INSERT INTO SAAD.CONTROLE_NUMERACAO (SQ_TIPO_DOCUMENTO, SEQ_LOCAL, NR_ANO, VR_ULTIMO_NUMERO)VALUES(11,22883 ,2014,0);
INSERT INTO SAAD.CONTROLE_NUMERACAO (SQ_TIPO_DOCUMENTO, SEQ_LOCAL, NR_ANO, VR_ULTIMO_NUMERO)VALUES(11,1120 ,2014,0);

INSERT INTO SAAD.CONTROLE_NUMERACAO (SQ_TIPO_DOCUMENTO, SEQ_LOCAL, NR_ANO, VR_ULTIMO_NUMERO)VALUES(12,4 ,2014,0);
INSERT INTO SAAD.CONTROLE_NUMERACAO (SQ_TIPO_DOCUMENTO, SEQ_LOCAL, NR_ANO, VR_ULTIMO_NUMERO)VALUES(12,22883 ,2014,0);
INSERT INTO SAAD.CONTROLE_NUMERACAO (SQ_TIPO_DOCUMENTO, SEQ_LOCAL, NR_ANO, VR_ULTIMO_NUMERO)VALUES(12,1120 ,2014,0);

INSERT INTO SAAD.CONTROLE_NUMERACAO (SQ_TIPO_DOCUMENTO, SEQ_LOCAL, NR_ANO, VR_ULTIMO_NUMERO)VALUES(13,4 ,2014,0);
INSERT INTO SAAD.CONTROLE_NUMERACAO (SQ_TIPO_DOCUMENTO, SEQ_LOCAL, NR_ANO, VR_ULTIMO_NUMERO)VALUES(13,22883 ,2014,0);
INSERT INTO SAAD.CONTROLE_NUMERACAO (SQ_TIPO_DOCUMENTO, SEQ_LOCAL, NR_ANO, VR_ULTIMO_NUMERO)VALUES(13,1120 ,2014,0);

INSERT INTO SAAD.CONTROLE_NUMERACAO (SQ_TIPO_DOCUMENTO, SEQ_LOCAL, NR_ANO, VR_ULTIMO_NUMERO)VALUES(14,4 ,2014,0);
INSERT INTO SAAD.CONTROLE_NUMERACAO (SQ_TIPO_DOCUMENTO, SEQ_LOCAL, NR_ANO, VR_ULTIMO_NUMERO)VALUES(14,22883 ,2014,0);
INSERT INTO SAAD.CONTROLE_NUMERACAO (SQ_TIPO_DOCUMENTO, SEQ_LOCAL, NR_ANO, VR_ULTIMO_NUMERO)VALUES(14,1120 ,2014,0);
COMMIT;
